,date,tweet_count
0,21mar2006,0
1,22mar2006,0
2,23mar2006,0
3,24mar2006,0
4,25mar2006,0
5,26mar2006,0
6,27mar2006,0
7,28mar2006,0
8,29mar2006,0
9,30mar2006,0
10,31mar2006,0
11,01apr2006,0
12,02apr2006,0
13,03apr2006,0
14,04apr2006,0
15,05apr2006,0
16,06apr2006,0
17,07apr2006,0
18,08apr2006,0
19,09apr2006,0
20,10apr2006,0
21,11apr2006,0
22,12apr2006,0
23,13apr2006,0
24,14apr2006,0
25,15apr2006,0
26,16apr2006,0
27,17apr2006,0
28,18apr2006,0
29,19apr2006,0
30,20apr2006,0
31,21apr2006,0
32,22apr2006,0
33,23apr2006,0
34,24apr2006,0
35,25apr2006,0
36,26apr2006,0
37,27apr2006,0
38,28apr2006,0
39,29apr2006,0
40,30apr2006,0
41,01may2006,0
42,02may2006,0
43,03may2006,0
44,04may2006,0
45,05may2006,0
46,06may2006,0
47,07may2006,0
48,08may2006,0
49,09may2006,0
50,10may2006,0
51,11may2006,0
52,12may2006,0
53,13may2006,0
54,14may2006,0
55,15may2006,0
56,16may2006,0
57,17may2006,0
58,18may2006,0
59,19may2006,0
60,20may2006,0
61,21may2006,0
62,22may2006,0
63,23may2006,0
64,24may2006,0
65,25may2006,0
66,26may2006,0
67,27may2006,0
68,28may2006,0
69,29may2006,0
70,30may2006,0
71,31may2006,0
72,01jun2006,0
73,02jun2006,0
74,03jun2006,0
75,04jun2006,0
76,05jun2006,0
77,06jun2006,0
78,07jun2006,0
79,08jun2006,0
80,09jun2006,0
81,10jun2006,0
82,11jun2006,0
83,12jun2006,0
84,13jun2006,0
85,14jun2006,0
86,15jun2006,0
87,16jun2006,0
88,17jun2006,0
89,18jun2006,0
90,19jun2006,0
91,20jun2006,0
92,21jun2006,0
93,22jun2006,0
94,23jun2006,0
95,24jun2006,0
96,25jun2006,0
97,26jun2006,0
98,27jun2006,0
99,28jun2006,0
100,29jun2006,0
101,30jun2006,0
102,01jul2006,0
103,02jul2006,0
104,03jul2006,0
105,04jul2006,0
106,05jul2006,0
107,06jul2006,0
108,07jul2006,0
109,08jul2006,0
110,09jul2006,0
111,10jul2006,0
112,11jul2006,0
113,12jul2006,0
114,13jul2006,0
115,14jul2006,0
116,15jul2006,0
117,16jul2006,0
118,17jul2006,0
119,18jul2006,0
120,19jul2006,0
121,20jul2006,0
122,21jul2006,0
123,22jul2006,0
124,23jul2006,0
125,24jul2006,0
126,25jul2006,0
127,26jul2006,0
128,27jul2006,0
129,28jul2006,0
130,29jul2006,0
131,30jul2006,0
132,31jul2006,0
133,01aug2006,0
134,02aug2006,0
135,03aug2006,0
136,04aug2006,0
137,05aug2006,0
138,06aug2006,0
139,07aug2006,0
140,08aug2006,0
141,09aug2006,0
142,10aug2006,0
143,11aug2006,0
144,12aug2006,0
145,13aug2006,0
146,14aug2006,0
147,15aug2006,0
148,16aug2006,0
149,17aug2006,0
150,18aug2006,0
151,19aug2006,0
152,20aug2006,0
153,21aug2006,0
154,22aug2006,0
155,23aug2006,0
156,24aug2006,0
157,25aug2006,0
158,26aug2006,0
159,27aug2006,0
160,28aug2006,0
161,29aug2006,0
162,30aug2006,0
163,31aug2006,0
164,01sep2006,0
165,02sep2006,0
166,03sep2006,0
167,04sep2006,0
168,05sep2006,0
169,06sep2006,0
170,07sep2006,0
171,08sep2006,0
172,09sep2006,0
173,10sep2006,0
174,11sep2006,0
175,12sep2006,0
176,13sep2006,0
177,14sep2006,0
178,15sep2006,0
179,16sep2006,0
180,17sep2006,0
181,18sep2006,0
182,19sep2006,0
183,20sep2006,0
184,21sep2006,0
185,22sep2006,0
186,23sep2006,0
187,24sep2006,0
188,25sep2006,0
189,26sep2006,0
190,27sep2006,0
191,28sep2006,0
192,29sep2006,0
193,30sep2006,0
194,01oct2006,0
195,02oct2006,0
196,03oct2006,0
197,04oct2006,0
198,05oct2006,0
199,06oct2006,0
200,07oct2006,0
201,08oct2006,0
202,09oct2006,0
203,10oct2006,0
204,11oct2006,0
205,12oct2006,0
206,13oct2006,0
207,14oct2006,0
208,15oct2006,0
209,16oct2006,0
210,17oct2006,0
211,18oct2006,0
212,19oct2006,0
213,20oct2006,0
214,21oct2006,0
215,22oct2006,0
216,23oct2006,0
217,24oct2006,0
218,25oct2006,0
219,26oct2006,0
220,27oct2006,0
221,28oct2006,0
222,29oct2006,0
223,30oct2006,0
224,31oct2006,0
225,01nov2006,0
226,02nov2006,0
227,03nov2006,0
228,04nov2006,0
229,05nov2006,0
230,06nov2006,0
231,07nov2006,0
232,08nov2006,0
233,09nov2006,0
234,10nov2006,0
235,11nov2006,0
236,12nov2006,0
237,13nov2006,0
238,14nov2006,0
239,15nov2006,0
240,16nov2006,0
241,17nov2006,0
242,18nov2006,0
243,19nov2006,0
244,20nov2006,0
245,21nov2006,0
246,22nov2006,0
247,23nov2006,0
248,24nov2006,0
249,25nov2006,0
250,26nov2006,0
251,27nov2006,0
252,28nov2006,0
253,29nov2006,0
254,30nov2006,0
255,01dec2006,0
256,02dec2006,0
257,03dec2006,0
258,04dec2006,0
259,05dec2006,0
260,06dec2006,0
261,07dec2006,0
262,08dec2006,0
263,09dec2006,0
264,10dec2006,0
265,11dec2006,0
266,12dec2006,0
267,13dec2006,0
268,14dec2006,0
269,15dec2006,0
270,16dec2006,0
271,17dec2006,0
272,18dec2006,0
273,19dec2006,0
274,20dec2006,0
275,21dec2006,0
276,22dec2006,0
277,23dec2006,0
278,24dec2006,0
279,25dec2006,0
280,26dec2006,0
281,27dec2006,0
282,28dec2006,0
283,29dec2006,0
284,30dec2006,0
285,31dec2006,0
286,01jan2007,0
287,02jan2007,0
288,03jan2007,0
289,04jan2007,0
290,05jan2007,0
291,06jan2007,0
292,07jan2007,0
293,08jan2007,0
294,09jan2007,0
295,10jan2007,0
296,11jan2007,0
297,12jan2007,0
298,13jan2007,0
299,14jan2007,0
300,15jan2007,0
301,16jan2007,0
302,17jan2007,0
303,18jan2007,0
304,19jan2007,0
305,20jan2007,0
306,21jan2007,0
307,22jan2007,0
308,23jan2007,0
309,24jan2007,0
310,25jan2007,0
311,26jan2007,0
312,27jan2007,0
313,28jan2007,0
314,29jan2007,0
315,30jan2007,0
316,31jan2007,0
317,01feb2007,0
318,02feb2007,0
319,03feb2007,0
320,04feb2007,0
321,05feb2007,0
322,06feb2007,0
323,07feb2007,0
324,08feb2007,0
325,09feb2007,0
326,10feb2007,0
327,11feb2007,0
328,12feb2007,0
329,13feb2007,0
330,14feb2007,0
331,15feb2007,0
332,16feb2007,0
333,17feb2007,0
334,18feb2007,0
335,19feb2007,0
336,20feb2007,0
337,21feb2007,0
338,22feb2007,0
339,23feb2007,0
340,24feb2007,0
341,25feb2007,0
342,26feb2007,0
343,27feb2007,0
344,28feb2007,0
345,01mar2007,0
346,02mar2007,0
347,03mar2007,0
348,04mar2007,0
349,05mar2007,0
350,06mar2007,0
351,07mar2007,0
352,08mar2007,0
353,09mar2007,0
354,10mar2007,0
355,11mar2007,0
356,12mar2007,0
357,13mar2007,0
358,14mar2007,0
359,15mar2007,0
360,16mar2007,0
361,17mar2007,0
362,18mar2007,0
363,19mar2007,0
364,20mar2007,0
365,21mar2007,0
366,22mar2007,0
367,23mar2007,0
368,24mar2007,0
369,25mar2007,0
370,26mar2007,0
371,27mar2007,0
372,28mar2007,0
373,29mar2007,0
374,30mar2007,0
375,31mar2007,0
376,01apr2007,0
377,02apr2007,0
378,03apr2007,0
379,04apr2007,0
380,05apr2007,0
381,06apr2007,1
382,07apr2007,0
383,08apr2007,0
384,09apr2007,0
385,10apr2007,0
386,11apr2007,0
387,12apr2007,0
388,13apr2007,0
389,14apr2007,0
390,15apr2007,0
391,16apr2007,0
392,17apr2007,0
393,18apr2007,0
394,19apr2007,0
395,20apr2007,0
396,21apr2007,0
397,22apr2007,0
398,23apr2007,0
399,24apr2007,0
400,25apr2007,0
401,26apr2007,0
402,27apr2007,0
403,28apr2007,0
404,29apr2007,0
405,30apr2007,0
406,01may2007,0
407,02may2007,0
408,03may2007,0
409,04may2007,0
410,05may2007,0
411,06may2007,0
412,07may2007,0
413,08may2007,0
414,09may2007,0
415,10may2007,0
416,11may2007,0
417,12may2007,0
418,13may2007,0
419,14may2007,0
420,15may2007,0
421,16may2007,0
422,17may2007,0
423,18may2007,0
424,19may2007,0
425,20may2007,0
426,21may2007,2
427,22may2007,0
428,23may2007,0
429,24may2007,0
430,25may2007,1
431,26may2007,0
432,27may2007,6
433,28may2007,0
434,29may2007,0
435,30may2007,1
436,31may2007,0
437,01jun2007,0
438,02jun2007,0
439,03jun2007,1
440,04jun2007,0
441,05jun2007,2
442,06jun2007,0
443,07jun2007,0
444,08jun2007,0
445,09jun2007,3
446,10jun2007,0
447,11jun2007,1
448,12jun2007,0
449,13jun2007,0
450,14jun2007,0
451,15jun2007,0
452,16jun2007,0
453,17jun2007,0
454,18jun2007,0
455,19jun2007,0
456,20jun2007,0
457,21jun2007,0
458,22jun2007,1
459,23jun2007,0
460,24jun2007,0
461,25jun2007,0
462,26jun2007,0
463,27jun2007,0
464,28jun2007,0
465,29jun2007,0
466,30jun2007,0
467,01jul2007,0
468,02jul2007,0
469,03jul2007,0
470,04jul2007,0
471,05jul2007,0
472,06jul2007,0
473,07jul2007,0
474,08jul2007,0
475,09jul2007,0
476,10jul2007,0
477,11jul2007,0
478,12jul2007,0
479,13jul2007,1
480,14jul2007,0
481,15jul2007,0
482,16jul2007,2
483,17jul2007,0
484,18jul2007,0
485,19jul2007,0
486,20jul2007,0
487,21jul2007,0
488,22jul2007,0
489,23jul2007,0
490,24jul2007,0
491,25jul2007,1
492,26jul2007,0
493,27jul2007,0
494,28jul2007,0
495,29jul2007,1
496,30jul2007,0
497,31jul2007,0
498,01aug2007,0
499,02aug2007,0
500,03aug2007,0
501,04aug2007,0
502,05aug2007,0
503,06aug2007,0
504,07aug2007,1
505,08aug2007,0
506,09aug2007,0
507,10aug2007,3
508,11aug2007,0
509,12aug2007,0
510,13aug2007,0
511,14aug2007,0
512,15aug2007,0
513,16aug2007,0
514,17aug2007,0
515,18aug2007,0
516,19aug2007,0
517,20aug2007,0
518,21aug2007,0
519,22aug2007,0
520,23aug2007,0
521,24aug2007,0
522,25aug2007,0
523,26aug2007,1
524,27aug2007,1
525,28aug2007,0
526,29aug2007,0
527,30aug2007,0
528,31aug2007,0
529,01sep2007,0
530,02sep2007,0
531,03sep2007,0
532,04sep2007,0
533,05sep2007,0
534,06sep2007,0
535,07sep2007,0
536,08sep2007,0
537,09sep2007,0
538,10sep2007,0
539,11sep2007,3
540,12sep2007,1
541,13sep2007,0
542,14sep2007,0
543,15sep2007,0
544,16sep2007,0
545,17sep2007,0
546,18sep2007,0
547,19sep2007,0
548,20sep2007,0
549,21sep2007,0
550,22sep2007,1
551,23sep2007,0
552,24sep2007,1
553,25sep2007,0
554,26sep2007,0
555,27sep2007,0
556,28sep2007,0
557,29sep2007,1
558,30sep2007,0
559,01oct2007,0
560,02oct2007,1
561,03oct2007,0
562,04oct2007,2
563,05oct2007,0
564,06oct2007,0
565,07oct2007,1
566,08oct2007,0
567,09oct2007,0
568,10oct2007,0
569,11oct2007,0
570,12oct2007,1
571,13oct2007,0
572,14oct2007,0
573,15oct2007,1
574,16oct2007,1
575,17oct2007,1
576,18oct2007,0
577,19oct2007,1
578,20oct2007,0
579,21oct2007,1
580,22oct2007,3
581,23oct2007,3
582,24oct2007,0
583,25oct2007,0
584,26oct2007,0
585,27oct2007,0
586,28oct2007,0
587,29oct2007,0
588,30oct2007,0
589,31oct2007,0
590,01nov2007,0
591,02nov2007,0
592,03nov2007,0
593,04nov2007,0
594,05nov2007,0
595,06nov2007,0
596,07nov2007,0
597,08nov2007,0
598,09nov2007,1
599,10nov2007,0
600,11nov2007,0
601,12nov2007,0
602,13nov2007,0
603,14nov2007,0
604,15nov2007,1
605,16nov2007,0
606,17nov2007,0
607,18nov2007,0
608,19nov2007,0
609,20nov2007,1
610,21nov2007,1
611,22nov2007,0
612,23nov2007,0
613,24nov2007,0
614,25nov2007,0
615,26nov2007,0
616,27nov2007,1
617,28nov2007,1
618,29nov2007,0
619,30nov2007,1
620,01dec2007,1
621,02dec2007,0
622,03dec2007,0
623,04dec2007,1
624,05dec2007,1
625,06dec2007,0
626,07dec2007,0
627,08dec2007,0
628,09dec2007,1
629,10dec2007,0
630,11dec2007,1
631,12dec2007,1
632,13dec2007,4
633,14dec2007,0
634,15dec2007,0
635,16dec2007,0
636,17dec2007,0
637,18dec2007,0
638,19dec2007,1
639,20dec2007,0
640,21dec2007,0
641,22dec2007,0
642,23dec2007,1
643,24dec2007,0
644,25dec2007,0
645,26dec2007,0
646,27dec2007,0
647,28dec2007,0
648,29dec2007,0
649,30dec2007,7
650,31dec2007,36
651,01jan2008,5
652,02jan2008,2
653,03jan2008,2
654,04jan2008,0
655,05jan2008,0
656,06jan2008,0
657,07jan2008,1
658,08jan2008,0
659,09jan2008,0
660,10jan2008,1
661,11jan2008,0
662,12jan2008,0
663,13jan2008,0
664,14jan2008,1
665,15jan2008,0
666,16jan2008,1
667,17jan2008,3
668,18jan2008,1
669,19jan2008,0
670,20jan2008,0
671,21jan2008,0
672,22jan2008,0
673,23jan2008,2
674,24jan2008,0
675,25jan2008,1
676,26jan2008,0
677,27jan2008,0
678,28jan2008,0
679,29jan2008,0
680,30jan2008,0
681,31jan2008,0
682,01feb2008,1
683,02feb2008,0
684,03feb2008,0
685,04feb2008,7
686,05feb2008,16
687,06feb2008,0
688,07feb2008,1
689,08feb2008,0
690,09feb2008,0
691,10feb2008,6
692,11feb2008,0
693,12feb2008,1
694,13feb2008,0
695,14feb2008,1
696,15feb2008,0
697,16feb2008,0
698,17feb2008,0
699,18feb2008,0
700,19feb2008,0
701,20feb2008,0
702,21feb2008,0
703,22feb2008,1
704,23feb2008,0
705,24feb2008,0
706,25feb2008,2
707,26feb2008,3
708,27feb2008,2
709,28feb2008,2
710,29feb2008,0
711,01mar2008,0
712,02mar2008,0
713,03mar2008,0
714,04mar2008,6
715,05mar2008,0
716,06mar2008,15
717,07mar2008,20
718,08mar2008,1
719,09mar2008,0
720,10mar2008,0
721,11mar2008,1
722,12mar2008,0
723,13mar2008,3
724,14mar2008,0
725,15mar2008,2
726,16mar2008,0
727,17mar2008,0
728,18mar2008,1
729,19mar2008,0
730,20mar2008,0
731,21mar2008,0
732,22mar2008,0
733,23mar2008,0
734,24mar2008,0
735,25mar2008,0
736,26mar2008,0
737,27mar2008,0
738,28mar2008,0
739,29mar2008,0
740,30mar2008,0
741,31mar2008,0
742,01apr2008,0
743,02apr2008,0
744,03apr2008,0
745,04apr2008,1
746,05apr2008,1
747,06apr2008,0
748,07apr2008,0
749,08apr2008,0
750,09apr2008,9
751,10apr2008,1
752,11apr2008,0
753,12apr2008,0
754,13apr2008,0
755,14apr2008,1
756,15apr2008,1
757,16apr2008,0
758,17apr2008,5
759,18apr2008,0
760,19apr2008,2
761,20apr2008,0
762,21apr2008,2
763,22apr2008,1
764,23apr2008,0
765,24apr2008,0
766,25apr2008,0
767,26apr2008,2
768,27apr2008,0
769,28apr2008,4
770,29apr2008,1
771,30apr2008,2
772,01may2008,1
773,02may2008,0
774,03may2008,1
775,04may2008,1
776,05may2008,0
777,06may2008,1
778,07may2008,1
779,08may2008,0
780,09may2008,0
781,10may2008,0
782,11may2008,1
783,12may2008,0
784,13may2008,0
785,14may2008,2
786,15may2008,0
787,16may2008,1
788,17may2008,0
789,18may2008,0
790,19may2008,0
791,20may2008,0
792,21may2008,0
793,22may2008,4
794,23may2008,4
795,24may2008,0
796,25may2008,0
797,26may2008,0
798,27may2008,0
799,28may2008,1
800,29may2008,4
801,30may2008,1
802,31may2008,0
803,01jun2008,0
804,02jun2008,0
805,03jun2008,0
806,04jun2008,2
807,05jun2008,2
808,06jun2008,0
809,07jun2008,1
810,08jun2008,0
811,09jun2008,0
812,10jun2008,0
813,11jun2008,0
814,12jun2008,1
815,13jun2008,0
816,14jun2008,0
817,15jun2008,0
818,16jun2008,0
819,17jun2008,1
820,18jun2008,0
821,19jun2008,1
822,20jun2008,0
823,21jun2008,0
824,22jun2008,0
825,23jun2008,0
826,24jun2008,4
827,25jun2008,4
828,26jun2008,4
829,27jun2008,0
830,28jun2008,0
831,29jun2008,0
832,30jun2008,0
833,01jul2008,0
834,02jul2008,3
835,03jul2008,2
836,04jul2008,0
837,05jul2008,2
838,06jul2008,1
839,07jul2008,0
840,08jul2008,0
841,09jul2008,2
842,10jul2008,0
843,11jul2008,2
844,12jul2008,0
845,13jul2008,0
846,14jul2008,0
847,15jul2008,0
848,16jul2008,0
849,17jul2008,0
850,18jul2008,0
851,19jul2008,1
852,20jul2008,1
853,21jul2008,0
854,22jul2008,4
855,23jul2008,1
856,24jul2008,0
857,25jul2008,0
858,26jul2008,2
859,27jul2008,0
860,28jul2008,0
861,29jul2008,0
862,30jul2008,0
863,31jul2008,1
864,01aug2008,0
865,02aug2008,0
866,03aug2008,0
867,04aug2008,0
868,05aug2008,1
869,06aug2008,0
870,07aug2008,1
871,08aug2008,0
872,09aug2008,0
873,10aug2008,1
874,11aug2008,0
875,12aug2008,2
876,13aug2008,0
877,14aug2008,0
878,15aug2008,1
879,16aug2008,0
880,17aug2008,0
881,18aug2008,0
882,19aug2008,2
883,20aug2008,0
884,21aug2008,0
885,22aug2008,0
886,23aug2008,0
887,24aug2008,2
888,25aug2008,0
889,26aug2008,1
890,27aug2008,0
891,28aug2008,0
892,29aug2008,0
893,30aug2008,0
894,31aug2008,0
895,01sep2008,1
896,02sep2008,1
897,03sep2008,1
898,04sep2008,0
899,05sep2008,1
900,06sep2008,0
901,07sep2008,0
902,08sep2008,0
903,09sep2008,0
904,10sep2008,0
905,11sep2008,0
906,12sep2008,1
907,13sep2008,1
908,14sep2008,1
909,15sep2008,0
910,16sep2008,0
911,17sep2008,0
912,18sep2008,0
913,19sep2008,0
914,20sep2008,0
915,21sep2008,0
916,22sep2008,1
917,23sep2008,0
918,24sep2008,0
919,25sep2008,1
920,26sep2008,0
921,27sep2008,0
922,28sep2008,1
923,29sep2008,1
924,30sep2008,1
925,01oct2008,0
926,02oct2008,0
927,03oct2008,4
928,04oct2008,0
929,05oct2008,0
930,06oct2008,0
931,07oct2008,0
932,08oct2008,1
933,09oct2008,0
934,10oct2008,0
935,11oct2008,0
936,12oct2008,0
937,13oct2008,1
938,14oct2008,0
939,15oct2008,0
940,16oct2008,4
941,17oct2008,0
942,18oct2008,0
943,19oct2008,0
944,20oct2008,1
945,21oct2008,1
946,22oct2008,0
947,23oct2008,4
948,24oct2008,1
949,25oct2008,0
950,26oct2008,0
951,27oct2008,1
952,28oct2008,0
953,29oct2008,0
954,30oct2008,1
955,31oct2008,1
956,01nov2008,0
957,02nov2008,0
958,03nov2008,0
959,04nov2008,0
960,05nov2008,2
961,06nov2008,3
962,07nov2008,3
963,08nov2008,1
964,09nov2008,2
965,10nov2008,1
966,11nov2008,1
967,12nov2008,1
968,13nov2008,0
969,14nov2008,0
970,15nov2008,0
971,16nov2008,0
972,17nov2008,2
973,18nov2008,1
974,19nov2008,0
975,20nov2008,0
976,21nov2008,2
977,22nov2008,0
978,23nov2008,3
979,24nov2008,2
980,25nov2008,0
981,26nov2008,6
982,27nov2008,1
983,28nov2008,0
984,29nov2008,0
985,30nov2008,0
986,01dec2008,0
987,02dec2008,2
988,03dec2008,9
989,04dec2008,1
990,05dec2008,2
991,06dec2008,2
992,07dec2008,1
993,08dec2008,2
994,09dec2008,1
995,10dec2008,1
996,11dec2008,0
997,12dec2008,0
998,13dec2008,0
999,14dec2008,1
1000,15dec2008,0
1001,16dec2008,3
1002,17dec2008,0
1003,18dec2008,0
1004,19dec2008,4
1005,20dec2008,5
1006,21dec2008,4
1007,22dec2008,3
1008,23dec2008,1
1009,24dec2008,0
1010,25dec2008,0
1011,26dec2008,1
1012,27dec2008,19
1013,28dec2008,12
1014,29dec2008,45
1015,30dec2008,37
1016,31dec2008,31
1017,01jan2009,15
1018,02jan2009,27
1019,03jan2009,32
1020,04jan2009,48
1021,05jan2009,46
1022,06jan2009,44
1023,07jan2009,37
1024,08jan2009,45
1025,09jan2009,59
1026,10jan2009,48
1027,11jan2009,46
1028,12jan2009,34
1029,13jan2009,47
1030,14jan2009,29
1031,15jan2009,22
1032,16jan2009,24
1033,17jan2009,28
1034,18jan2009,18
1035,19jan2009,14
1036,20jan2009,11
1037,21jan2009,7
1038,22jan2009,14
1039,23jan2009,16
1040,24jan2009,10
1041,25jan2009,31
1042,26jan2009,7
1043,27jan2009,12
1044,28jan2009,11
1045,29jan2009,11
1046,30jan2009,2
1047,31jan2009,1
1048,01feb2009,6
1049,02feb2009,5
1050,03feb2009,11
1051,04feb2009,16
1052,05feb2009,10
1053,06feb2009,10
1054,07feb2009,6
1055,08feb2009,4
1056,09feb2009,8
1057,10feb2009,6
1058,11feb2009,4
1059,12feb2009,9
1060,13feb2009,2
1061,14feb2009,14
1062,15feb2009,2
1063,16feb2009,8
1064,17feb2009,4
1065,18feb2009,14
1066,19feb2009,9
1067,20feb2009,10
1068,21feb2009,12
1069,22feb2009,4
1070,23feb2009,25
1071,24feb2009,4
1072,25feb2009,5
1073,26feb2009,6
1074,27feb2009,4
1075,28feb2009,1
1076,01mar2009,14
1077,02mar2009,23
1078,03mar2009,18
1079,04mar2009,6
1080,05mar2009,7
1081,06mar2009,10
1082,07mar2009,2
1083,08mar2009,5
1084,09mar2009,3
1085,10mar2009,9
1086,11mar2009,6
1087,12mar2009,7
1088,13mar2009,10
1089,14mar2009,6
1090,15mar2009,6
1091,16mar2009,13
1092,17mar2009,3
1093,18mar2009,6
1094,19mar2009,11
1095,20mar2009,12
1096,21mar2009,7
1097,22mar2009,13
1098,23mar2009,14
1099,24mar2009,17
1100,25mar2009,16
1101,26mar2009,16
1102,27mar2009,4
1103,28mar2009,1
1104,29mar2009,5
1105,30mar2009,5
1106,31mar2009,8
1107,01apr2009,13
1108,02apr2009,37
1109,03apr2009,9
1110,04apr2009,8
1111,05apr2009,6
1112,06apr2009,12
1113,07apr2009,10
1114,08apr2009,11
1115,09apr2009,8
1116,10apr2009,7
1117,11apr2009,8
1118,12apr2009,1
1119,13apr2009,9
1120,14apr2009,5
1121,15apr2009,4
1122,16apr2009,5
1123,17apr2009,7
1124,18apr2009,10
1125,19apr2009,8
1126,20apr2009,3
1127,21apr2009,2
1128,22apr2009,13
1129,23apr2009,5
1130,24apr2009,9
1131,25apr2009,1
1132,26apr2009,10
1133,27apr2009,11
1134,28apr2009,11
1135,29apr2009,8
1136,30apr2009,7
1137,01may2009,7
1138,02may2009,1
1139,03may2009,10
1140,04may2009,4
1141,05may2009,14
1142,06may2009,10
1143,07may2009,4
1144,08may2009,8
1145,09may2009,16
1146,10may2009,4
1147,11may2009,16
1148,12may2009,7
1149,13may2009,4
1150,14may2009,11
1151,15may2009,15
1152,16may2009,13
1153,17may2009,10
1154,18may2009,13
1155,19may2009,15
1156,20may2009,19
1157,21may2009,9
1158,22may2009,7
1159,23may2009,11
1160,24may2009,8
1161,25may2009,4
1162,26may2009,7
1163,27may2009,6
1164,28may2009,5
1165,29may2009,22
1166,30may2009,14
1167,31may2009,8
1168,01jun2009,26
1169,02jun2009,29
1170,03jun2009,8
1171,04jun2009,53
1172,05jun2009,34
1173,06jun2009,12
1174,07jun2009,19
1175,08jun2009,33
1176,09jun2009,16
1177,10jun2009,7
1178,11jun2009,10
1179,12jun2009,11
1180,13jun2009,7
1181,14jun2009,14
1182,15jun2009,19
1183,16jun2009,12
1184,17jun2009,13
1185,18jun2009,9
1186,19jun2009,6
1187,20jun2009,8
1188,21jun2009,15
1189,22jun2009,4
1190,23jun2009,13
1191,24jun2009,13
1192,25jun2009,19
1193,26jun2009,10
1194,27jun2009,12
1195,28jun2009,3
1196,29jun2009,12
1197,30jun2009,16
1198,01jul2009,20
1199,02jul2009,40
1200,03jul2009,13
1201,04jul2009,4
1202,05jul2009,3
1203,06jul2009,7
1204,07jul2009,7
1205,08jul2009,14
1206,09jul2009,5
1207,10jul2009,9
1208,11jul2009,5
1209,12jul2009,10
1210,13jul2009,41
1211,14jul2009,6
1212,15jul2009,29
1213,16jul2009,32
1214,17jul2009,8
1215,18jul2009,7
1216,19jul2009,10
1217,20jul2009,4
1218,21jul2009,10
1219,22jul2009,26
1220,23jul2009,14
1221,24jul2009,16
1222,25jul2009,14
1223,26jul2009,11
1224,27jul2009,5
1225,28jul2009,11
1226,29jul2009,11
1227,30jul2009,14
1228,31jul2009,14
1229,01aug2009,9
1230,02aug2009,12
1231,03aug2009,12
1232,04aug2009,13
1233,05aug2009,23
1234,06aug2009,18
1235,07aug2009,9
1236,08aug2009,2
1237,09aug2009,9
1238,10aug2009,10
1239,11aug2009,9
1240,12aug2009,5
1241,13aug2009,17
1242,14aug2009,12
1243,15aug2009,5
1244,16aug2009,3
1245,17aug2009,8
1246,18aug2009,19
1247,19aug2009,7
1248,20aug2009,9
1249,21aug2009,18
1250,22aug2009,8
1251,23aug2009,5
1252,24aug2009,7
1253,25aug2009,12
1254,26aug2009,15
1255,27aug2009,19
1256,28aug2009,3
1257,29aug2009,4
1258,30aug2009,8
1259,31aug2009,7
1260,01sep2009,6
1261,02sep2009,11
1262,03sep2009,20
1263,04sep2009,41
1264,05sep2009,28
1265,06sep2009,13
1266,07sep2009,3
1267,08sep2009,14
1268,09sep2009,32
1269,10sep2009,6
1270,11sep2009,5
1271,12sep2009,7
1272,13sep2009,15
1273,14sep2009,16
1274,15sep2009,173
1275,16sep2009,84
1276,17sep2009,28
1277,18sep2009,17
1278,19sep2009,14
1279,20sep2009,10
1280,21sep2009,14
1281,22sep2009,25
1282,23sep2009,31
1283,24sep2009,28
1284,25sep2009,33
1285,26sep2009,10
1286,27sep2009,23
1287,28sep2009,11
1288,29sep2009,31
1289,30sep2009,34
1290,01oct2009,24
1291,02oct2009,29
1292,03oct2009,17
1293,04oct2009,14
1294,05oct2009,20
1295,06oct2009,44
1296,07oct2009,35
1297,08oct2009,11
1298,09oct2009,30
1299,10oct2009,17
1300,11oct2009,27
1301,12oct2009,23
1302,13oct2009,20
1303,14oct2009,42
1304,15oct2009,41
1305,16oct2009,52
1306,17oct2009,14
1307,18oct2009,14
1308,19oct2009,32
1309,20oct2009,18
1310,21oct2009,26
1311,22oct2009,26
1312,23oct2009,38
1313,24oct2009,15
1314,25oct2009,21
1315,26oct2009,17
1316,27oct2009,21
1317,28oct2009,30
1318,29oct2009,35
1319,30oct2009,49
1320,31oct2009,24
1321,01nov2009,29
1322,02nov2009,14
1323,03nov2009,9
1324,04nov2009,55
1325,05nov2009,28
1326,06nov2009,69
1327,07nov2009,23
1328,08nov2009,17
1329,09nov2009,29
1330,10nov2009,19
1331,11nov2009,13
1332,12nov2009,21
1333,13nov2009,18
1334,14nov2009,17
1335,15nov2009,18
1336,16nov2009,17
1337,17nov2009,20
1338,18nov2009,10
1339,19nov2009,21
1340,20nov2009,15
1341,21nov2009,9
1342,22nov2009,36
1343,23nov2009,73
1344,24nov2009,30
1345,25nov2009,28
1346,26nov2009,32
1347,27nov2009,18
1348,28nov2009,18
1349,29nov2009,81
1350,30nov2009,21
1351,01dec2009,18
1352,02dec2009,20
1353,03dec2009,19
1354,04dec2009,38
1355,05dec2009,6
1356,06dec2009,11
1357,07dec2009,9
1358,08dec2009,17
1359,09dec2009,13
1360,10dec2009,22
1361,11dec2009,23
1362,12dec2009,36
1363,13dec2009,24
1364,14dec2009,32
1365,15dec2009,28
1366,16dec2009,40
1367,17dec2009,26
1368,18dec2009,27
1369,19dec2009,17
1370,20dec2009,31
1371,21dec2009,32
1372,22dec2009,20
1373,23dec2009,29
1374,24dec2009,32
1375,25dec2009,19
1376,26dec2009,35
1377,27dec2009,66
1378,28dec2009,181
1379,29dec2009,44
1380,30dec2009,31
1381,31dec2009,28
1382,01jan2010,41
1383,02jan2010,48
1384,03jan2010,17
1385,04jan2010,14
1386,05jan2010,12
1387,06jan2010,31
1388,07jan2010,48
1389,08jan2010,42
1390,09jan2010,16
1391,10jan2010,26
1392,11jan2010,44
1393,12jan2010,32
1394,13jan2010,32
1395,14jan2010,15
1396,15jan2010,33
1397,16jan2010,19
1398,17jan2010,21
1399,18jan2010,27
1400,19jan2010,38
1401,20jan2010,29
1402,21jan2010,12
1403,22jan2010,19
1404,23jan2010,18
1405,24jan2010,20
1406,25jan2010,20
1407,26jan2010,21
1408,27jan2010,25
1409,28jan2010,28
1410,29jan2010,34
1411,30jan2010,19
1412,31jan2010,35
1413,01feb2010,14
1414,02feb2010,26
1415,03feb2010,25
1416,04feb2010,23
1417,05feb2010,19
1418,06feb2010,25
1419,07feb2010,25
1420,08feb2010,39
1421,09feb2010,17
1422,10feb2010,33
1423,11feb2010,19
1424,12feb2010,24
1425,13feb2010,27
1426,14feb2010,22
1427,15feb2010,15
1428,16feb2010,17
1429,17feb2010,24
1430,18feb2010,34
1431,19feb2010,12
1432,20feb2010,15
1433,21feb2010,17
1434,22feb2010,21
1435,23feb2010,62
1436,24feb2010,30
1437,25feb2010,17
1438,26feb2010,19
1439,27feb2010,13
1440,28feb2010,13
1441,01mar2010,18
1442,02mar2010,34
1443,03mar2010,25
1444,04mar2010,27
1445,05mar2010,51
1446,06mar2010,26
1447,07mar2010,32
1448,08mar2010,21
1449,09mar2010,26
1450,10mar2010,55
1451,11mar2010,29
1452,12mar2010,25
1453,13mar2010,14
1454,14mar2010,21
1455,15mar2010,31
1456,16mar2010,44
1457,17mar2010,81
1458,18mar2010,127
1459,19mar2010,55
1460,20mar2010,28
1461,21mar2010,23
1462,22mar2010,38
1463,23mar2010,45
1464,24mar2010,74
1465,25mar2010,40
1466,26mar2010,35
1467,27mar2010,71
1468,28mar2010,46
1469,29mar2010,37
1470,30mar2010,30
1471,31mar2010,34
1472,01apr2010,36
1473,02apr2010,55
1474,03apr2010,20
1475,04apr2010,29
1476,05apr2010,27
1477,06apr2010,23
1478,07apr2010,56
1479,08apr2010,27
1480,09apr2010,20
1481,10apr2010,26
1482,11apr2010,10
1483,12apr2010,20
1484,13apr2010,46
1485,14apr2010,69
1486,15apr2010,29
1487,16apr2010,24
1488,17apr2010,20
1489,18apr2010,25
1490,19apr2010,32
1491,20apr2010,35
1492,21apr2010,33
1493,22apr2010,21
1494,23apr2010,26
1495,24apr2010,14
1496,25apr2010,50
1497,26apr2010,38
1498,27apr2010,66
1499,28apr2010,43
1500,29apr2010,33
1501,30apr2010,23
1502,01may2010,12
1503,02may2010,19
1504,03may2010,18
1505,04may2010,14
1506,05may2010,25
1507,06may2010,16
1508,07may2010,11
1509,08may2010,12
1510,09may2010,13
1511,10may2010,27
1512,11may2010,35
1513,12may2010,31
1514,13may2010,19
1515,14may2010,32
1516,15may2010,11
1517,16may2010,53
1518,17may2010,47
1519,18may2010,17
1520,19may2010,37
1521,20may2010,19
1522,21may2010,22
1523,22may2010,13
1524,23may2010,56
1525,24may2010,51
1526,25may2010,33
1527,26may2010,35
1528,27may2010,69
1529,28may2010,45
1530,29may2010,44
1531,30may2010,42
1532,31may2010,449
1533,01jun2010,224
1534,02jun2010,184
1535,03jun2010,144
1536,04jun2010,127
1537,05jun2010,115
1538,06jun2010,124
1539,07jun2010,203
1540,08jun2010,135
1541,09jun2010,59
1542,10jun2010,81
1543,11jun2010,70
1544,12jun2010,73
1545,13jun2010,61
1546,14jun2010,126
1547,15jun2010,56
1548,16jun2010,59
1549,17jun2010,61
1550,18jun2010,70
1551,19jun2010,34
1552,20jun2010,40
1553,21jun2010,42
1554,22jun2010,34
1555,23jun2010,31
1556,24jun2010,32
1557,25jun2010,57
1558,26jun2010,24
1559,27jun2010,27
1560,28jun2010,49
1561,29jun2010,58
1562,30jun2010,47
1563,01jul2010,44
1564,02jul2010,24
1565,03jul2010,34
1566,04jul2010,32
1567,05jul2010,23
1568,06jul2010,50
1569,07jul2010,33
1570,08jul2010,32
1571,09jul2010,46
1572,10jul2010,32
1573,11jul2010,30
1574,12jul2010,29
1575,13jul2010,35
1576,14jul2010,35
1577,15jul2010,87
1578,16jul2010,20
1579,17jul2010,75
1580,18jul2010,35
1581,19jul2010,34
1582,20jul2010,12
1583,21jul2010,30
1584,22jul2010,28
1585,23jul2010,38
1586,24jul2010,27
1587,25jul2010,30
1588,26jul2010,25
1589,27jul2010,47
1590,28jul2010,19
1591,29jul2010,32
1592,30jul2010,35
1593,31jul2010,19
1594,01aug2010,32
1595,02aug2010,36
1596,03aug2010,43
1597,04aug2010,63
1598,05aug2010,39
1599,06aug2010,22
1600,07aug2010,25
1601,08aug2010,38
1602,09aug2010,56
1603,10aug2010,77
1604,11aug2010,63
1605,12aug2010,57
1606,13aug2010,94
1607,14aug2010,76
1608,15aug2010,71
1609,16aug2010,90
1610,17aug2010,66
1611,18aug2010,93
1612,19aug2010,110
1613,20aug2010,106
1614,21aug2010,88
1615,22aug2010,57
1616,23aug2010,60
1617,24aug2010,66
1618,25aug2010,66
1619,26aug2010,75
1620,27aug2010,71
1621,28aug2010,70
1622,29aug2010,61
1623,30aug2010,81
1624,31aug2010,195
1625,01sep2010,252
1626,02sep2010,337
1627,03sep2010,97
1628,04sep2010,116
1629,05sep2010,85
1630,06sep2010,68
1631,07sep2010,71
1632,08sep2010,117
1633,09sep2010,49
1634,10sep2010,73
1635,11sep2010,57
1636,12sep2010,48
1637,13sep2010,53
1638,14sep2010,56
1639,15sep2010,94
1640,16sep2010,79
1641,17sep2010,86
1642,18sep2010,40
1643,19sep2010,30
1644,20sep2010,60
1645,21sep2010,55
1646,22sep2010,42
1647,23sep2010,102
1648,24sep2010,75
1649,25sep2010,73
1650,26sep2010,41
1651,27sep2010,96
1652,28sep2010,54
1653,29sep2010,35
1654,30sep2010,42
1655,01oct2010,36
1656,02oct2010,28
1657,03oct2010,29
1658,04oct2010,48
1659,05oct2010,85
1660,06oct2010,74
1661,07oct2010,62
1662,08oct2010,58
1663,09oct2010,45
1664,10oct2010,33
1665,11oct2010,57
1666,12oct2010,66
1667,13oct2010,92
1668,14oct2010,73
1669,15oct2010,67
1670,16oct2010,66
1671,17oct2010,55
1672,18oct2010,58
1673,19oct2010,55
1674,20oct2010,53
1675,21oct2010,45
1676,22oct2010,62
1677,23oct2010,49
1678,24oct2010,46
1679,25oct2010,57
1680,26oct2010,87
1681,27oct2010,60
1682,28oct2010,62
1683,29oct2010,59
1684,30oct2010,35
1685,31oct2010,40
1686,01nov2010,47
1687,02nov2010,49
1688,03nov2010,51
1689,04nov2010,64
1690,05nov2010,27
1691,06nov2010,16
1692,07nov2010,48
1693,08nov2010,38
1694,09nov2010,37
1695,10nov2010,48
1696,11nov2010,45
1697,12nov2010,73
1698,13nov2010,53
1699,14nov2010,65
1700,15nov2010,77
1701,16nov2010,51
1702,17nov2010,70
1703,18nov2010,63
1704,19nov2010,64
1705,20nov2010,51
1706,21nov2010,51
1707,22nov2010,65
1708,23nov2010,53
1709,24nov2010,45
1710,25nov2010,31
1711,26nov2010,46
1712,27nov2010,34
1713,28nov2010,48
1714,29nov2010,68
1715,30nov2010,44
1716,01dec2010,44
1717,02dec2010,71
1718,03dec2010,54
1719,04dec2010,51
1720,05dec2010,39
1721,06dec2010,29
1722,07dec2010,34
1723,08dec2010,41
1724,09dec2010,35
1725,10dec2010,43
1726,11dec2010,36
1727,12dec2010,35
1728,13dec2010,42
1729,14dec2010,35
1730,15dec2010,32
1731,16dec2010,30
1732,17dec2010,23
1733,18dec2010,22
1734,19dec2010,56
1735,20dec2010,49
1736,21dec2010,82
1737,22dec2010,75
1738,23dec2010,35
1739,24dec2010,18
1740,25dec2010,27
1741,26dec2010,40
1742,27dec2010,75
1743,28dec2010,49
1744,29dec2010,54
1745,30dec2010,30
1746,31dec2010,19
1747,01jan2011,24
1748,02jan2011,145
1749,03jan2011,46
1750,04jan2011,67
1751,05jan2011,76
1752,06jan2011,32
1753,07jan2011,43
1754,08jan2011,32
1755,09jan2011,34
1756,10jan2011,107
1757,11jan2011,40
1758,12jan2011,61
1759,13jan2011,23
1760,14jan2011,15
1761,15jan2011,12
1762,16jan2011,29
1763,17jan2011,17
1764,18jan2011,35
1765,19jan2011,52
1766,20jan2011,33
1767,21jan2011,42
1768,22jan2011,42
1769,23jan2011,413
1770,24jan2011,134
1771,25jan2011,30
1772,26jan2011,56
1773,27jan2011,43
1774,28jan2011,31
1775,29jan2011,25
1776,30jan2011,38
1777,31jan2011,31
1778,01feb2011,26
1779,02feb2011,30
1780,03feb2011,53
1781,04feb2011,36
1782,05feb2011,18
1783,06feb2011,36
1784,07feb2011,35
1785,08feb2011,43
1786,09feb2011,72
1787,10feb2011,50
1788,11feb2011,26
1789,12feb2011,18
1790,13feb2011,21
1791,14feb2011,17
1792,15feb2011,59
1793,16feb2011,39
1794,17feb2011,25
1795,18feb2011,24
1796,19feb2011,32
1797,20feb2011,17
1798,21feb2011,42
1799,22feb2011,34
1800,23feb2011,113
1801,24feb2011,70
1802,25feb2011,53
1803,26feb2011,43
1804,27feb2011,44
1805,28feb2011,40
1806,01mar2011,49
1807,02mar2011,36
1808,03mar2011,47
1809,04mar2011,27
1810,05mar2011,25
1811,06mar2011,35
1812,07mar2011,30
1813,08mar2011,75
1814,09mar2011,41
1815,10mar2011,65
1816,11mar2011,27
1817,12mar2011,170
1818,13mar2011,513
1819,14mar2011,75
1820,15mar2011,52
1821,16mar2011,66
1822,17mar2011,54
1823,18mar2011,39
1824,19mar2011,44
1825,20mar2011,36
1826,21mar2011,57
1827,22mar2011,187
1828,23mar2011,263
1829,24mar2011,203
1830,25mar2011,127
1831,26mar2011,97
1832,27mar2011,62
1833,28mar2011,53
1834,29mar2011,66
1835,30mar2011,71
1836,31mar2011,54
1837,01apr2011,31
1838,02apr2011,111
1839,03apr2011,137
1840,04apr2011,96
1841,05apr2011,107
1842,06apr2011,79
1843,07apr2011,320
1844,08apr2011,166
1845,09apr2011,111
1846,10apr2011,108
1847,11apr2011,85
1848,12apr2011,145
1849,13apr2011,48
1850,14apr2011,53
1851,15apr2011,98
1852,16apr2011,72
1853,17apr2011,49
1854,18apr2011,37
1855,19apr2011,70
1856,20apr2011,41
1857,21apr2011,80
1858,22apr2011,76
1859,23apr2011,24
1860,24apr2011,59
1861,25apr2011,53
1862,26apr2011,58
1863,27apr2011,69
1864,28apr2011,51
1865,29apr2011,50
1866,30apr2011,46
1867,01may2011,43
1868,02may2011,66
1869,03may2011,70
1870,04may2011,34
1871,05may2011,142
1872,06may2011,38
1873,07may2011,30
1874,08may2011,28
1875,09may2011,61
1876,10may2011,85
1877,11may2011,106
1878,12may2011,32
1879,13may2011,61
1880,14may2011,70
1881,15may2011,161
1882,16may2011,142
1883,17may2011,112
1884,18may2011,97
1885,19may2011,416
1886,20may2011,275
1887,21may2011,118
1888,22may2011,117
1889,23may2011,137
1890,24may2011,240
1891,25may2011,271
1892,26may2011,198
1893,27may2011,89
1894,28may2011,58
1895,29may2011,71
1896,30may2011,67
1897,31may2011,64
1898,01jun2011,110
1899,02jun2011,82
1900,03jun2011,81
1901,04jun2011,78
1902,05jun2011,156
1903,06jun2011,89
1904,07jun2011,85
1905,08jun2011,99
1906,09jun2011,92
1907,10jun2011,78
1908,11jun2011,52
1909,12jun2011,48
1910,13jun2011,63
1911,14jun2011,44
1912,15jun2011,84
1913,16jun2011,83
1914,17jun2011,46
1915,18jun2011,35
1916,19jun2011,87
1917,20jun2011,61
1918,21jun2011,86
1919,22jun2011,84
1920,23jun2011,38
1921,24jun2011,44
1922,25jun2011,40
1923,26jun2011,41
1924,27jun2011,64
1925,28jun2011,57
1926,29jun2011,61
1927,30jun2011,53
1928,01jul2011,82
1929,02jul2011,57
1930,03jul2011,39
1931,04jul2011,53
1932,05jul2011,53
1933,06jul2011,118
1934,07jul2011,76
1935,08jul2011,42
1936,09jul2011,60
1937,10jul2011,46
1938,11jul2011,90
1939,12jul2011,61
1940,13jul2011,94
1941,14jul2011,49
1942,15jul2011,72
1943,16jul2011,100
1944,17jul2011,82
1945,18jul2011,107
1946,19jul2011,159
1947,20jul2011,118
1948,21jul2011,76
1949,22jul2011,86
1950,23jul2011,69
1951,24jul2011,92
1952,25jul2011,94
1953,26jul2011,128
1954,27jul2011,78
1955,28jul2011,69
1956,29jul2011,47
1957,30jul2011,53
1958,31jul2011,50
1959,01aug2011,62
1960,02aug2011,55
1961,03aug2011,49
1962,04aug2011,67
1963,05aug2011,35
1964,06aug2011,46
1965,07aug2011,40
1966,08aug2011,52
1967,09aug2011,47
1968,10aug2011,42
1969,11aug2011,44
1970,12aug2011,57
1971,13aug2011,24
1972,14aug2011,23
1973,15aug2011,40
1974,16aug2011,65
1975,17aug2011,78
1976,18aug2011,209
1977,19aug2011,294
1978,20aug2011,193
1979,21aug2011,209
1980,22aug2011,111
1981,23aug2011,105
1982,24aug2011,116
1983,25aug2011,82
1984,26aug2011,63
1985,27aug2011,37
1986,28aug2011,38
1987,29aug2011,360
1988,30aug2011,91
1989,31aug2011,181
1990,01sep2011,65
1991,02sep2011,114
1992,03sep2011,140
1993,04sep2011,71
1994,05sep2011,159
1995,06sep2011,161
1996,07sep2011,86
1997,08sep2011,87
1998,09sep2011,66
1999,10sep2011,79
2000,11sep2011,65
2001,12sep2011,100
2002,13sep2011,193
2003,14sep2011,207
2004,15sep2011,196
2005,16sep2011,252
2006,17sep2011,86
2007,18sep2011,153
2008,19sep2011,180
2009,20sep2011,243
2010,21sep2011,1181
2011,22sep2011,259
2012,23sep2011,341
2013,24sep2011,256
2014,25sep2011,130
2015,26sep2011,101
2016,27sep2011,74
2017,28sep2011,123
2018,29sep2011,101
2019,30sep2011,112
2020,01oct2011,215
2021,02oct2011,286
2022,03oct2011,140
2023,04oct2011,79
2024,05oct2011,79
2025,06oct2011,77
2026,07oct2011,87
2027,08oct2011,61
2028,09oct2011,81
2029,10oct2011,83
2030,11oct2011,102
2031,12oct2011,69
2032,13oct2011,92
2033,14oct2011,74
2034,15oct2011,42
2035,16oct2011,42
2036,17oct2011,42
2037,18oct2011,139
2038,19oct2011,48
2039,20oct2011,73
2040,21oct2011,63
2041,22oct2011,60
2042,23oct2011,37
2043,24oct2011,73
2044,25oct2011,109
2045,26oct2011,72
2046,27oct2011,103
2047,28oct2011,50
2048,29oct2011,171
2049,30oct2011,227
2050,31oct2011,157
2051,01nov2011,114
2052,02nov2011,112
2053,03nov2011,175
2054,04nov2011,92
2055,05nov2011,65
2056,06nov2011,102
2057,07nov2011,109
2058,08nov2011,159
2059,09nov2011,225
2060,10nov2011,79
2061,11nov2011,81
2062,12nov2011,49
2063,13nov2011,44
2064,14nov2011,71
2065,15nov2011,101
2066,16nov2011,73
2067,17nov2011,66
2068,18nov2011,53
2069,19nov2011,43
2070,20nov2011,95
2071,21nov2011,62
2072,22nov2011,55
2073,23nov2011,55
2074,24nov2011,71
2075,25nov2011,53
2076,26nov2011,54
2077,27nov2011,89
2078,28nov2011,72
2079,29nov2011,73
2080,30nov2011,59
2081,01dec2011,53
2082,02dec2011,58
2083,03dec2011,52
2084,04dec2011,53
2085,05dec2011,80
2086,06dec2011,53
2087,07dec2011,71
2088,08dec2011,152
2089,09dec2011,209
2090,10dec2011,181
2091,11dec2011,149
2092,12dec2011,181
2093,13dec2011,115
2094,14dec2011,104
2095,15dec2011,112
2096,16dec2011,128
2097,17dec2011,90
2098,18dec2011,57
2099,19dec2011,86
2100,20dec2011,75
2101,21dec2011,97
2102,22dec2011,55
2103,23dec2011,39
2104,24dec2011,39
2105,25dec2011,56
2106,26dec2011,67
2107,27dec2011,128
2108,28dec2011,111
2109,29dec2011,72
2110,30dec2011,56
2111,31dec2011,25
